status;name;type;address;rating;reviews;place_id;google_maps_url;query;area;ll;reason
accepted;Skama Bar e Restaurante;Restaurante;Av. Cassiano da Cunha Nóbrega, 18 - Ponta de Matos, Cabedelo - PB, 58100-965;4.2;397;ChIJl-GtFGkgrQcROqBgkhHbHuA;https://www.google.com/maps/place/?q=place_id:ChIJl-GtFGkgrQcROqBgkhHbHuA;restaurantes Cabedelo PB;Centro Cabedelo;@-6.9748,-34.8373,15z;food_scope
accepted;Caldinho Prime Formosa;Restaurante;Av. Cassiano da Cunha Nóbrega, 555 - Vila Sao Joao, Cabedelo - PB, 58310-000;4.7;46;ChIJo3IrDQAhrQcRuau8CF_J1oc;https://www.google.com/maps/place/?q=place_id:ChIJo3IrDQAhrQcRuau8CF_J1oc;restaurantes Cabedelo PB;Centro Cabedelo;@-6.9748,-34.8373,15z;food_scope
accepted;Ilha Dourada Restaurante;Restaurante de frutos do mar;BR -230, R. José Américo de Almeida Filho, s/n - Areia Dourada, Cabedelo - PB, 58101-212;4.2;3161;ChIJ19PDcIXfrAcRzBwfL7gvIIs;https://www.google.com/maps/place/?q=place_id:ChIJ19PDcIXfrAcRzBwfL7gvIIs;restaurantes Cabedelo PB;Centro Cabedelo;@-6.9748,-34.8373,15z;food_scope
accepted;Bar das Meninas Restaurante;Restaurante de frutos do mar;R. Des. Onaldo N Montenegro, 368 - Vila Sao Joao, Cabedelo - PB, 58109-342;4.2;3174;ChIJodwqQ2kgrQcR4ABUUI60O8Y;https://www.google.com/maps/place/?q=place_id:ChIJodwqQ2kgrQcR4ABUUI60O8Y;restaurantes Cabedelo PB;Centro Cabedelo;@-6.9748,-34.8373,15z;food_scope
accepted;Restaurante Pôr do Sol;Restaurante;R. Pres. João Pessoa, 1 - Vila Sao Joao, Cabedelo - PB, 58310-000;4.6;105;ChIJb69icnQgrQcRc9_nUnm-luI;https://www.google.com/maps/place/?q=place_id:ChIJb69icnQgrQcRc9_nUnm-luI;restaurantes Cabedelo PB;Centro Cabedelo;@-6.9748,-34.8373,15z;food_scope
accepted;Caiçara Bar e Restaurante;Restaurante;Praia de, Rua Cassiano, Av. Cassiano da Cunha Nóbrega - Ponta de Matos, Cabedelo - PB, 58100-695;4.7;39;ChIJ6UAYvCohrQcRzW-CciJ0DB0;https://www.google.com/maps/place/?q=place_id:ChIJ6UAYvCohrQcRzW-CciJ0DB0;restaurantes Cabedelo PB;Centro Cabedelo;@-6.9748,-34.8373,15z;food_scope
accepted;Lovina Ponta de Campina | Bar | Restaurante em Cabedelo;Restaurante;R. Vitorino Cardoso, 908 - Ponta de Campina, Cabedelo - PB, 58101-510;4.4;10742;ChIJdbKCxUTerAcRNmBt0eRrdX8;https://www.google.com/maps/place/?q=place_id:ChIJdbKCxUTerAcRNmBt0eRrdX8;restaurantes Cabedelo PB;Centro Cabedelo;@-6.9748,-34.8373,15z;food_scope
rejected;Verano Praia Bar;Bar;Av. Pastor José Alves de Oliveira, 848 - Areia Dourada, Cabedelo - PB, 58101-205;4.4;324;ChIJh0FVTwvfrAcRloIZE5Iit7w;https://www.google.com/maps/place/?q=place_id:ChIJh0FVTwvfrAcRloIZE5Iit7w;restaurantes Cabedelo PB;Centro Cabedelo;@-6.9748,-34.8373,15z;not_clearly_food_establishment
accepted;Churrascaria do Caicó;Churrascaria;R, Av. Pastor José Alves de Oliveira, 365 - Centro, Cabedelo - PB, 58100-222;4.3;753;ChIJVaKROncgrQcR5lpnht-FotI;https://www.google.com/maps/place/?q=place_id:ChIJVaKROncgrQcR5lpnht-FotI;restaurantes Cabedelo PB;Centro Cabedelo;@-6.9748,-34.8373,15z;food_scope
accepted;Tenda Formosa Bar & Restaurante;Restaurante;Av. Cassiano da Cunha Nóbrega, 98 - Praia Formosa, Cabedelo - PB, 58100-685;4.1;1507;ChIJIc-iXWUgrQcReqjiUbw742w;https://www.google.com/maps/place/?q=place_id:ChIJIc-iXWUgrQcReqjiUbw742w;restaurantes Cabedelo PB;Centro Cabedelo;@-6.9748,-34.8373,15z;food_scope
accepted;Sport Marina;Restaurante de frutos do mar;Av. Pastor José Alves de Oliveira, 848 - Areia Dourada, Cabedelo - PB, 58101-232;4.5;503;ChIJpSulOXggrQcR1X8-11zV034;https://www.google.com/maps/place/?q=place_id:ChIJpSulOXggrQcR1X8-11zV034;restaurantes Cabedelo PB;Centro Cabedelo;@-6.9748,-34.8373,15z;food_scope
accepted;RESTAURANTE DA WILMA;Restaurante;Jacaré, Cabedelo - PB, 58315-000;4.9;8;ChIJpVkCVxsgrQcRd4H-jTRlUZw;https://www.google.com/maps/place/?q=place_id:ChIJpVkCVxsgrQcRd4H-jTRlUZw;restaurantes Cabedelo PB;Centro Cabedelo;@-6.9748,-34.8373,15z;food_scope
accepted;Bar e Restaurante do Sumé;Restaurante de frutos do mar;Av. Oceano Atlântico, 98 - Vila Sao Joao, Cabedelo - PB, 58310-000;4.1;762;ChIJx6-fZGUgrQcR3ejC32WCAA4;https://www.google.com/maps/place/?q=place_id:ChIJx6-fZGUgrQcR3ejC32WCAA4;restaurantes Cabedelo PB;Centro Cabedelo;@-6.9748,-34.8373,15z;food_scope
accepted;Atlântico bar, cabedelo;Restaurante;Cassiano, Av. Cassiano da Cunha Nóbrega - Ponta de Matos, Cabedelo - PB, 58100-695;4.4;8;ChIJsc6M1VohrQcR2aadwXNqCYM;https://www.google.com/maps/place/?q=place_id:ChIJsc6M1VohrQcR2aadwXNqCYM;restaurantes Cabedelo PB;Centro Cabedelo;@-6.9748,-34.8373,15z;food_scope
rejected;Comida Caseira da Elly;Restaurante;Mercado Público de Cabedelo, BOX 138, Centro, Cabedelo - PB, 58100-140;5;19;ChIJBfEE9CwhrQcR2xtfopCJ34w;https://www.google.com/maps/place/?q=place_id:ChIJBfEE9CwhrQcR2xtfopCJ34w;restaurantes Cabedelo PB;Centro Cabedelo;@-6.9748,-34.8373,15z;excluded_category_or_name
accepted;Residência do Mário;Restaurante;R. Cleto Campêlo, 889 - Camalaú, Cabedelo - PB, 58103-242;4.7;153;ChIJJ1WRk4nfrAcRe75oQKtSH4Y;https://www.google.com/maps/place/?q=place_id:ChIJJ1WRk4nfrAcRe75oQKtSH4Y;restaurantes Cabedelo PB;Centro Cabedelo;@-6.9748,-34.8373,15z;food_scope
accepted;Bar e Restaurante Solânense;Restaurante;R. Sólon de Lucena, 364 - Centro, Cabedelo - PB, 58100-570;4.6;77;ChIJr1gT2-chrQcRL1coXnrt0YE;https://www.google.com/maps/place/?q=place_id:ChIJr1gT2-chrQcRL1coXnrt0YE;restaurantes Cabedelo PB;Centro Cabedelo;@-6.9748,-34.8373,15z;food_scope
accepted;Sorveteria Frutos de Goiás - Cabedelo;Sorveteria;R. Sólon de Lucena, 30B - Centro, Cabedelo - PB, 58100-570;4.9;40;ChIJpR3-bsYhrQcRFzba--9mhwU;https://www.google.com/maps/place/?q=place_id:ChIJpR3-bsYhrQcRFzba--9mhwU;restaurantes Cabedelo PB;Centro Cabedelo;@-6.9748,-34.8373,15z;food_scope
accepted;Caldeirão Nordestino - Caldinho e Nhoques Cabedelo;Barraca de comida;Areia Dourada, Cabedelo - PB, 58101-212;4.8;31;ChIJKa4SjtDfrAcRbfre1lQqXmM;https://www.google.com/maps/place/?q=place_id:ChIJKa4SjtDfrAcRbfre1lQqXmM;restaurantes Cabedelo PB;Centro Cabedelo;@-6.9748,-34.8373,15z;food_scope
accepted;Restaurante Ondas;Restaurante brasileiro;Av. Cassiano da Cunha Nóbrega - Santa Catarina, Cabedelo - PB, 58100-432;4.3;164;ChIJfajxP2kgrQcR4aWJ3AdHjqw;https://www.google.com/maps/place/?q=place_id:ChIJfajxP2kgrQcR4aWJ3AdHjqw;restaurantes Cabedelo PB;Centro Cabedelo;@-6.9748,-34.8373,15z;food_scope
accepted;Center Pizza Cabedelo;Pizzaria;R. Duque de Caxias, 189 - Centro, Cabedelo - PB, 58310-000;5;18;ChIJUeGTJwAhrQcRnfODfBzcelE;https://www.google.com/maps/place/?q=place_id:ChIJUeGTJwAhrQcRnfODfBzcelE;pizzaria Cabedelo PB;Centro Cabedelo;@-6.9748,-34.8373,15z;food_scope
accepted;Pizza do Paulinho;Pizzaria;Av. Monsenhor José da Silva Coutinho, 113 - Vila Sao Joao, Cabedelo - PB, 58103-332;5;11;ChIJTUFjldDfrAcRXmp9tl8_VOc;https://www.google.com/maps/place/?q=place_id:ChIJTUFjldDfrAcRXmp9tl8_VOc;pizzaria Cabedelo PB;Centro Cabedelo;@-6.9748,-34.8373,15z;food_scope
accepted;Pizzaria tá no ponto;Pizzaria;R. Ten. Antônio Pontes, 236 - Vila Sao Joao, Cabedelo - PB, 58100-645;5;1;ChIJP3oicAAhrQcRy3DljLN5ZTw;https://www.google.com/maps/place/?q=place_id:ChIJP3oicAAhrQcRy3DljLN5ZTw;pizzaria Cabedelo PB;Centro Cabedelo;@-6.9748,-34.8373,15z;food_scope
accepted;Pizzaria 1000Graus;Pizzaria;R. Duque de Caxias, 60 - Centro, Cabedelo - PB, 58100-000;5;1;ChIJz9Yh3hohrQcRX3d8g-9Pd6w;https://www.google.com/maps/place/?q=place_id:ChIJz9Yh3hohrQcRX3d8g-9Pd6w;pizzaria Cabedelo PB;Centro Cabedelo;@-6.9748,-34.8373,15z;food_scope
accepted;Deu Pizza Cabedelo;Pizzaria;Praça Getúlio Vargas, 95 - Vila Sao Joao, Cabedelo - PB, 58100-261;;;ChIJVeZJGAAhrQcRfL-dAtZyAcY;https://www.google.com/maps/place/?q=place_id:ChIJVeZJGAAhrQcRfL-dAtZyAcY;pizzaria Cabedelo PB;Centro Cabedelo;@-6.9748,-34.8373,15z;food_scope
accepted;Pizza Now - Intermares;Delivery de Pizza;Av. Oceano Atlântico, 1592 - Lj 14 - Ponta de Campina, Cabedelo - PB, 58101-650;4.5;200;ChIJC3rzCDHdrAcRGYF3vwcOan8;https://www.google.com/maps/place/?q=place_id:ChIJC3rzCDHdrAcRGYF3vwcOan8;pizzaria Cabedelo PB;Centro Cabedelo;@-6.9748,-34.8373,15z;food_scope
accepted;La casa de pastel e La Pizza Premium;Pizzaria;Rua por trás do Campo Municipal, R. Primo José Viana, 463 - Centro, Cabedelo - PB, 58100-521;4.1;261;ChIJYSxGk8ghrQcRk9Nz0uySHBE;https://www.google.com/maps/place/?q=place_id:ChIJYSxGk8ghrQcRk9Nz0uySHBE;pizzaria Cabedelo PB;Centro Cabedelo;@-6.9748,-34.8373,15z;food_scope
accepted;Ilovepizzapb;Pizzaria;R. Duque de Caxias - Centro, Cabedelo - PB, 58100-263;;;ChIJ2dkU5NAhrQcRMvAetr3sxYA;https://www.google.com/maps/place/?q=place_id:ChIJ2dkU5NAhrQcRMvAetr3sxYA;pizzaria Cabedelo PB;Centro Cabedelo;@-6.9748,-34.8373,15z;food_scope
accepted;Pizzaria Bom Sabor Camboinha;Pizzaria;R. Prof. João Lelis de Luna Freire, 288 - Jardim Camboinha, Cabedelo - PB, 58310-000;4.1;54;ChIJ23LpoCvfrAcRK0glALWQRYA;https://www.google.com/maps/place/?q=place_id:ChIJ23LpoCvfrAcRK0glALWQRYA;pizzaria Cabedelo PB;Centro Cabedelo;@-6.9748,-34.8373,15z;food_scope
accepted;Hora Da Pizza;Pizzaria;R. Arco Íris, 113 - Lot. Oceania VI, Cabedelo - PB, 58105-514;5;13;ChIJd8aACALfrAcR-y1kMx11Rs8;https://www.google.com/maps/place/?q=place_id:ChIJd8aACALfrAcR-y1kMx11Rs8;pizzaria Cabedelo PB;Centro Cabedelo;@-6.9748,-34.8373,15z;food_scope
accepted;Restaurante e pizzaria chapa quente;Pizzaria;R. Nova Descoberta, 70 - Centro, Cabedelo - PB, 58100-592;4.7;26;ChIJVTniUTohrQcRFlrnzZq339A;https://www.google.com/maps/place/?q=place_id:ChIJVTniUTohrQcRFlrnzZq339A;pizzaria Cabedelo PB;Centro Cabedelo;@-6.9748,-34.8373,15z;food_scope
accepted;Pizza Família Cipriano;Pizzaria;R. Golfo Danzig, 56 - Intermares, Cabedelo - PB, 58102-133;5;13;ChIJBw8J2x3frAcR-t64wKV4XEg;https://www.google.com/maps/place/?q=place_id:ChIJBw8J2x3frAcR-t64wKV4XEg;pizzaria Cabedelo PB;Centro Cabedelo;@-6.9748,-34.8373,15z;food_scope
accepted;Casa Di Mainha;Pizzaria;R. Prof. João Lelis de Luna Freire - Jardim Jerico, Cabedelo - PB, 58310-000;5;16;ChIJI_QFwtzfrAcR4PpGSlWFXfE;https://www.google.com/maps/place/?q=place_id:ChIJI_QFwtzfrAcR4PpGSlWFXfE;pizzaria Cabedelo PB;Centro Cabedelo;@-6.9748,-34.8373,15z;food_scope
duplicate_in_run;Skama Bar e Restaurante;Restaurante;Av. Cassiano da Cunha Nóbrega, 18 - Ponta de Matos, Cabedelo - PB, 58100-965;4.2;397;ChIJl-GtFGkgrQcROqBgkhHbHuA;https://www.google.com/maps/place/?q=place_id:ChIJl-GtFGkgrQcROqBgkhHbHuA;pizzaria Cabedelo PB;Centro Cabedelo;@-6.9748,-34.8373,15z;duplicate_in_run
accepted;Lary's pizzaria e lanchonete;Pizzaria;R. Antônia Fernandes Oliveira, 810 - Jardim Camboinha, Cabedelo - PB, 58103-706;4.3;88;ChIJ1zlHHqffrAcRvEgStdnRDMs;https://www.google.com/maps/place/?q=place_id:ChIJ1zlHHqffrAcRvEgStdnRDMs;pizzaria Cabedelo PB;Centro Cabedelo;@-6.9748,-34.8373,15z;food_scope
accepted;Pizzaria Bom Sabor;Pizzaria;R. Jair Cunha Cavalcanti, 248 - Lot. Oceania, Cabedelo - PB, 58105-700;4;134;ChIJJwFhsjXfrAcR5WUPKUu6Li8;https://www.google.com/maps/place/?q=place_id:ChIJJwFhsjXfrAcR5WUPKUu6Li8;pizzaria Cabedelo PB;Centro Cabedelo;@-6.9748,-34.8373,15z;food_scope
accepted;Pizzaria Jacaré;Pizzaria;R. Arco Íris, 250 - Lot. Oceania VI, Cabedelo - PB, 58310-000;4.5;59;ChIJLSlV8DrerAcRdEpwqq-GS2Y;https://www.google.com/maps/place/?q=place_id:ChIJLSlV8DrerAcRdEpwqq-GS2Y;pizzaria Cabedelo PB;Centro Cabedelo;@-6.9748,-34.8373,15z;food_scope
accepted;Mega Pizza;Pizzaria;Av. Mar Vermelho, 357 - Intermares, Cabedelo - PB, 58310-000;4;506;ChIJP6gJ7w3erAcRPbZmhVXL0gQ;https://www.google.com/maps/place/?q=place_id:ChIJP6gJ7w3erAcRPbZmhVXL0gQ;pizzaria Cabedelo PB;Centro Cabedelo;@-6.9748,-34.8373,15z;food_scope
accepted;PARCEIRO Rosa Lanches;Lanchonete;R. Ten. Antônio Pontes, 139 - Ponta de Matos, Cabedelo - PB, 58100-645;4.5;120;ChIJKfbziSchrQcRUM5eTvB19FU;https://www.google.com/maps/place/?q=place_id:ChIJKfbziSchrQcRUM5eTvB19FU;pizzaria Cabedelo PB;Centro Cabedelo;@-6.9748,-34.8373,15z;food_scope
accepted;Eu Quero Pizza;Pizzaria;R. da Enseada - Ponta de Campina, Cabedelo - PB, 58310-000;3.8;24;ChIJB0sqZgLfrAcR9yKy7cQwfhQ;https://www.google.com/maps/place/?q=place_id:ChIJB0sqZgLfrAcR9yKy7cQwfhQ;pizzaria Cabedelo PB;Centro Cabedelo;@-6.9748,-34.8373,15z;food_scope
accepted;Na brasa hambúrgueria;Lanchonete;Av. Pastor José Alves de Oliveira, 511 - Centro, Cabedelo - PB, 58100-222;4.5;15;ChIJS0Cl_7khrQcRXHqZzABLeRg;https://www.google.com/maps/place/?q=place_id:ChIJS0Cl_7khrQcRXHqZzABLeRg;hamburgueria Cabedelo PB;Centro Cabedelo;@-6.9748,-34.8373,15z;food_scope
accepted;Home Smash Burger;Hamburgueria;R. Sólon de Lucena, 19 - Vila Sao Joao, Cabedelo - PB, 58100-570;4.4;48;ChIJv390eRbfrAcRXHxRKIdKrf0;https://www.google.com/maps/place/?q=place_id:ChIJv390eRbfrAcRXHxRKIdKrf0;hamburgueria Cabedelo PB;Centro Cabedelo;@-6.9748,-34.8373,15z;food_scope
accepted;Manguinhos Burguer;Hamburgueria;R. Débora Borges Xavier, 29 - Vila Sao Joao, Cabedelo - PB, 58103-405;5;1;ChIJ7714LT_frAcROZGgCaHyb1A;https://www.google.com/maps/place/?q=place_id:ChIJ7714LT_frAcROZGgCaHyb1A;hamburgueria Cabedelo PB;Centro Cabedelo;@-6.9748,-34.8373,15z;food_scope
accepted;DAWN BURGUER;Hamburgueria;R. Augusto Firmo Paulo, 51 - Vila Sao Joao, Cabedelo - PB, 58101-015;4.2;45;ChIJadfjewAhrQcRf8d09KL-Gi4;https://www.google.com/maps/place/?q=place_id:ChIJadfjewAhrQcRf8d09KL-Gi4;hamburgueria Cabedelo PB;Centro Cabedelo;@-6.9748,-34.8373,15z;food_scope
accepted;Oxi Burguer Cabedelo;Hamburgueria;R. Maria das Neves Silva - Ponta de Campina, Cabedelo - PB, 58101-660;5;31;ChIJ-3vOhY7frAcRyc0HXHjB-zo;https://www.google.com/maps/place/?q=place_id:ChIJ-3vOhY7frAcRyc0HXHjB-zo;hamburgueria Cabedelo PB;Centro Cabedelo;@-6.9748,-34.8373,15z;food_scope
accepted;I love burguer;Hamburgueria;Praça Getúlio Vargas, 107 - Vila Sao Joao, Cabedelo - PB, 58100-305;4.1;18;ChIJ2_aBWAAhrQcRP7iv8wg49-U;https://www.google.com/maps/place/?q=place_id:ChIJ2_aBWAAhrQcRP7iv8wg49-U;hamburgueria Cabedelo PB;Centro Cabedelo;@-6.9748,-34.8373,15z;food_scope
accepted;Manos Burger Cabedelo;Hamburgueria;Praça Getúlio Vargas - Ponta de Matos, Cabedelo - PB, 58059-122;5;7;ChIJX_ZmHcRRrAcRcqKoGYEPLM8;https://www.google.com/maps/place/?q=place_id:ChIJX_ZmHcRRrAcRcqKoGYEPLM8;hamburgueria Cabedelo PB;Centro Cabedelo;@-6.9748,-34.8373,15z;food_scope
accepted;Zhu Burguer;Hamburgueria;Rua em frente à Cardiologica, R. Antônio Dornelas Bezerra - Centro, Cabedelo - PB, 58100-675;5;1;ChIJ5whKCqchrQcRuFEtnQwYLRE;https://www.google.com/maps/place/?q=place_id:ChIJ5whKCqchrQcRuFEtnQwYLRE;hamburgueria Cabedelo PB;Centro Cabedelo;@-6.9748,-34.8373,15z;food_scope
accepted;BIG BURGUER;Hamburgueria;R. Duque de Caxias - Vila Sao Joao, Cabedelo - PB, 58310-000;;;ChIJfVu7eQAhrQcRpNglRRyxBpk;https://www.google.com/maps/place/?q=place_id:ChIJfVu7eQAhrQcRpNglRRyxBpk;hamburgueria Cabedelo PB;Centro Cabedelo;@-6.9748,-34.8373,15z;food_scope
accepted;Triniity Burguer;Hamburgueria;Vila dos Estivadores, 73 - Centro, Cabedelo - PB, 58310-000;;;ChIJOTDzdQAhrQcRpoIFPhX8-F4;https://www.google.com/maps/place/?q=place_id:ChIJOTDzdQAhrQcRpoIFPhX8-F4;hamburgueria Cabedelo PB;Centro Cabedelo;@-6.9748,-34.8373,15z;food_scope
accepted;Big Jack comida de rua com INSPIRAÇÃO texana;Restaurante;Av. Mar Vermelho, QUADRA 12 - LOTE 01 - Intermares, Cabedelo - PB, 58102-120;4.8;353;ChIJCTY1v6rfrAcRD3ZYZu4I32E;https://www.google.com/maps/place/?q=place_id:ChIJCTY1v6rfrAcRD3ZYZu4I32E;hamburgueria Cabedelo PB;Centro Cabedelo;@-6.9748,-34.8373,15z;food_scope
rejected;Comida Caseira da Elly;Restaurante;Mercado Público de Cabedelo, BOX 138, Centro, Cabedelo - PB, 58100-140;5;19;ChIJBfEE9CwhrQcR2xtfopCJ34w;https://www.google.com/maps/place/?q=place_id:ChIJBfEE9CwhrQcR2xtfopCJ34w;hamburgueria Cabedelo PB;Centro Cabedelo;@-6.9748,-34.8373,15z;excluded_category_or_name
accepted;D'gust Lanchonete;Hamburgueria;R. Benedito Soares da Silva, 76 - Vila Sao Joao, Cabedelo - PB, 58310-000;5;2;ChIJfRXKQQAhrQcRJlUtVsFl2Nw;https://www.google.com/maps/place/?q=place_id:ChIJfRXKQQAhrQcRJlUtVsFl2Nw;hamburgueria Cabedelo PB;Centro Cabedelo;@-6.9748,-34.8373,15z;food_scope
duplicate_in_run;PARCEIRO Rosa Lanches;Lanchonete;R. Ten. Antônio Pontes, 139 - Ponta de Matos, Cabedelo - PB, 58100-645;4.5;120;ChIJKfbziSchrQcRUM5eTvB19FU;https://www.google.com/maps/place/?q=place_id:ChIJKfbziSchrQcRUM5eTvB19FU;hamburgueria Cabedelo PB;Centro Cabedelo;@-6.9748,-34.8373,15z;duplicate_in_run
accepted;TCF - The Cheeseburguer Factory - Unidade Cabedelo;Lanchonete;Av. Oceano Atlântico, 1592 - Sl A15 - Ponta de Campina, Cabedelo - PB, 58310-000;4.1;13;ChIJ17zIKW_drAcRpW44MoCAPKM;https://www.google.com/maps/place/?q=place_id:ChIJ17zIKW_drAcRpW44MoCAPKM;hamburgueria Cabedelo PB;Centro Cabedelo;@-6.9748,-34.8373,15z;food_scope
accepted;Seu Jerônimo;Hamburgueria;R. Virginia Maria Nogueira Gadelha Pimentel - Lot. Bela Vista, Cabedelo - PB, 58310-000;5;13;ChIJWVZmZADdrAcRKTJks1JgeWU;https://www.google.com/maps/place/?q=place_id:ChIJWVZmZADdrAcRKTJks1JgeWU;hamburgueria Cabedelo PB;Centro Cabedelo;@-6.9748,-34.8373,15z;food_scope
rejected;GETMall;Hamburgueria;Av. Oceano Atlântico, 1592 - Ponta de Campina, Cabedelo - PB, 58310-000;4.3;103;ChIJX7HMo6rdrAcRCeFWODir8Rw;https://www.google.com/maps/place/?q=place_id:ChIJX7HMo6rdrAcRCeFWODir8Rw;hamburgueria Cabedelo PB;Centro Cabedelo;@-6.9748,-34.8373,15z;excluded_category_or_name
accepted;Rua São Miguel 159;Hamburgueria;R. São Miguel, 159 - Camalaú, Cabedelo - PB, 58103-212;;;ChIJXa-RKwDfrAcR770AHaiJcUc;https://www.google.com/maps/place/?q=place_id:ChIJXa-RKwDfrAcR770AHaiJcUc;hamburgueria Cabedelo PB;Centro Cabedelo;@-6.9748,-34.8373,15z;food_scope
rejected;A Ferro Y Fogo Churrasco & Burger Artesanal na Brasa;Restaurante;Av. Oceano Atlântico, 1592 - Shopping GetMall - Ponta de Campina, Cabedelo - PB, 58101-650;3.9;39;ChIJNWudC1nfrAcRZp_VOIvsXTQ;https://www.google.com/maps/place/?q=place_id:ChIJNWudC1nfrAcRZp_VOIvsXTQ;hamburgueria Cabedelo PB;Centro Cabedelo;@-6.9748,-34.8373,15z;excluded_category_or_name
accepted;Route Hot Dogs;Hamburgueria;Av. Mar das Antilhas - Intermares, Cabedelo - PB, 58102-212;5;45;ChIJu6yeCaTfrAcRfb31UenQ2FI;https://www.google.com/maps/place/?q=place_id:ChIJu6yeCaTfrAcRfb31UenQ2FI;hamburgueria Cabedelo PB;Centro Cabedelo;@-6.9748,-34.8373,15z;food_scope
duplicate_in_run;PARCEIRO Rosa Lanches;Lanchonete;R. Ten. Antônio Pontes, 139 - Ponta de Matos, Cabedelo - PB, 58100-645;4.5;120;ChIJKfbziSchrQcRUM5eTvB19FU;https://www.google.com/maps/place/?q=place_id:ChIJKfbziSchrQcRUM5eTvB19FU;lanchonete Cabedelo PB;Centro Cabedelo;@-6.9748,-34.8373,15z;duplicate_in_run
duplicate_in_run;Bar das Meninas Restaurante;Restaurante de frutos do mar;R. Des. Onaldo N Montenegro, 368 - Vila Sao Joao, Cabedelo - PB, 58109-342;4.2;3174;ChIJodwqQ2kgrQcR4ABUUI60O8Y;https://www.google.com/maps/place/?q=place_id:ChIJodwqQ2kgrQcR4ABUUI60O8Y;lanchonete Cabedelo PB;Centro Cabedelo;@-6.9748,-34.8373,15z;duplicate_in_run
duplicate_in_run;Na brasa hambúrgueria;Lanchonete;Av. Pastor José Alves de Oliveira, 511 - Centro, Cabedelo - PB, 58100-222;4.5;15;ChIJS0Cl_7khrQcRXHqZzABLeRg;https://www.google.com/maps/place/?q=place_id:ChIJS0Cl_7khrQcRXHqZzABLeRg;lanchonete Cabedelo PB;Centro Cabedelo;@-6.9748,-34.8373,15z;duplicate_in_run
accepted;Vanda da coxinha cabedelo PB;Lanchonete;Av. São Sebastião, 227 - Camalaú, Cabedelo - PB, 58103-102;4.8;4;ChIJx9kJcqffrAcR_1kyZ6ncqRQ;https://www.google.com/maps/place/?q=place_id:ChIJx9kJcqffrAcR_1kyZ6ncqRQ;lanchonete Cabedelo PB;Centro Cabedelo;@-6.9748,-34.8373,15z;food_scope
accepted;A Casa do Lanche;Lanchonete;R. Est. Paulo Maia Guimarães, 35 - Formosa, Cabedelo - PB, 58101-142;4.4;11;ChIJFSp5DKAhrQcR0kYX4CUQoS0;https://www.google.com/maps/place/?q=place_id:ChIJFSp5DKAhrQcR0kYX4CUQoS0;lanchonete Cabedelo PB;Centro Cabedelo;@-6.9748,-34.8373,15z;food_scope
accepted;Açaí da Cris;Lanchonete;Tv. Primo José Viana - Vila Sao Joao, Cabedelo - PB, 58310-000;4.7;211;ChIJcQUFI2wgrQcRG22L9whpk4I;https://www.google.com/maps/place/?q=place_id:ChIJcQUFI2wgrQcRG22L9whpk4I;lanchonete Cabedelo PB;Centro Cabedelo;@-6.9748,-34.8373,15z;food_scope
duplicate_in_run;Caldinho Prime Formosa;Restaurante;Av. Cassiano da Cunha Nóbrega, 555 - Vila Sao Joao, Cabedelo - PB, 58310-000;4.7;46;ChIJo3IrDQAhrQcRuau8CF_J1oc;https://www.google.com/maps/place/?q=place_id:ChIJo3IrDQAhrQcRuau8CF_J1oc;lanchonete Cabedelo PB;Centro Cabedelo;@-6.9748,-34.8373,15z;duplicate_in_run
accepted;Nena Doceria & Salgaderia;Lanchonete;R. Juarez Távora, 227 - Vila Sao Joao, Cabedelo - PB, 58310-000;4.2;29;ChIJF2RM-nYgrQcRFJgSI5uoeXM;https://www.google.com/maps/place/?q=place_id:ChIJF2RM-nYgrQcRFJgSI5uoeXM;lanchonete Cabedelo PB;Centro Cabedelo;@-6.9748,-34.8373,15z;food_scope
duplicate_in_run;D'gust Lanchonete;Hamburgueria;R. Benedito Soares da Silva, 76 - Vila Sao Joao, Cabedelo - PB, 58310-000;5;2;ChIJfRXKQQAhrQcRJlUtVsFl2Nw;https://www.google.com/maps/place/?q=place_id:ChIJfRXKQQAhrQcRJlUtVsFl2Nw;lanchonete Cabedelo PB;Centro Cabedelo;@-6.9748,-34.8373,15z;duplicate_in_run
accepted;Porto do açaí;Lanchonete;R. Cleto Campêlo, 623 - Camalaú, Cabedelo - PB, 58310-000;5;1;ChIJL9uhhKMhrQcRNgJ6D5n7bws;https://www.google.com/maps/place/?q=place_id:ChIJL9uhhKMhrQcRNgJ6D5n7bws;lanchonete Cabedelo PB;Centro Cabedelo;@-6.9748,-34.8373,15z;food_scope
duplicate_in_run;Ilha Dourada Restaurante;Restaurante de frutos do mar;BR -230, R. José Américo de Almeida Filho, s/n - Areia Dourada, Cabedelo - PB, 58101-212;4.2;3161;ChIJ19PDcIXfrAcRzBwfL7gvIIs;https://www.google.com/maps/place/?q=place_id:ChIJ19PDcIXfrAcRzBwfL7gvIIs;lanchonete Cabedelo PB;Centro Cabedelo;@-6.9748,-34.8373,15z;duplicate_in_run
duplicate_in_run;Skama Bar e Restaurante;Restaurante;Av. Cassiano da Cunha Nóbrega, 18 - Ponta de Matos, Cabedelo - PB, 58100-965;4.2;397;ChIJl-GtFGkgrQcROqBgkhHbHuA;https://www.google.com/maps/place/?q=place_id:ChIJl-GtFGkgrQcROqBgkhHbHuA;lanchonete Cabedelo PB;Centro Cabedelo;@-6.9748,-34.8373,15z;duplicate_in_run
duplicate_in_run;Caiçara Bar e Restaurante;Restaurante;Praia de, Rua Cassiano, Av. Cassiano da Cunha Nóbrega - Ponta de Matos, Cabedelo - PB, 58100-695;4.7;39;ChIJ6UAYvCohrQcRzW-CciJ0DB0;https://www.google.com/maps/place/?q=place_id:ChIJ6UAYvCohrQcRzW-CciJ0DB0;lanchonete Cabedelo PB;Centro Cabedelo;@-6.9748,-34.8373,15z;duplicate_in_run
duplicate_in_run;La casa de pastel e La Pizza Premium;Pastelaria brasileira;Rua por trás do Campo Municipal, R. Primo José Viana, 463 - Centro, Cabedelo - PB, 58100-521;4.1;261;ChIJYSxGk8ghrQcRk9Nz0uySHBE;https://www.google.com/maps/place/?q=place_id:ChIJYSxGk8ghrQcRk9Nz0uySHBE;lanchonete Cabedelo PB;Centro Cabedelo;@-6.9748,-34.8373,15z;duplicate_in_run
duplicate_in_run;Caldeirão Nordestino - Caldinho e Nhoques Cabedelo;Barraca de comida;Areia Dourada, Cabedelo - PB, 58101-212;4.8;31;ChIJKa4SjtDfrAcRbfre1lQqXmM;https://www.google.com/maps/place/?q=place_id:ChIJKa4SjtDfrAcRbfre1lQqXmM;lanchonete Cabedelo PB;Centro Cabedelo;@-6.9748,-34.8373,15z;duplicate_in_run
duplicate_in_run;DAWN BURGUER;Hamburgueria;R. Augusto Firmo Paulo, 51 - Vila Sao Joao, Cabedelo - PB, 58101-015;4.2;45;ChIJadfjewAhrQcRf8d09KL-Gi4;https://www.google.com/maps/place/?q=place_id:ChIJadfjewAhrQcRf8d09KL-Gi4;lanchonete Cabedelo PB;Centro Cabedelo;@-6.9748,-34.8373,15z;duplicate_in_run
duplicate_in_run;Restaurante Pôr do Sol;Restaurante;R. Pres. João Pessoa, 1 - Vila Sao Joao, Cabedelo - PB, 58310-000;4.6;105;ChIJb69icnQgrQcRc9_nUnm-luI;https://www.google.com/maps/place/?q=place_id:ChIJb69icnQgrQcRc9_nUnm-luI;lanchonete Cabedelo PB;Centro Cabedelo;@-6.9748,-34.8373,15z;duplicate_in_run
duplicate_in_run;Sport Marina;Restaurante de frutos do mar;Av. Pastor José Alves de Oliveira, 848 - Areia Dourada, Cabedelo - PB, 58101-232;4.5;503;ChIJpSulOXggrQcR1X8-11zV034;https://www.google.com/maps/place/?q=place_id:ChIJpSulOXggrQcR1X8-11zV034;lanchonete Cabedelo PB;Centro Cabedelo;@-6.9748,-34.8373,15z;duplicate_in_run
accepted;Guaiamum & Cia - Cabedelo PB;Restaurante;R. Cleto Campêlo - Vila Sao Joao, Cabedelo - PB, 58310-000;4;10;ChIJv6iR9onfrAcR8n0WV64uO_c;https://www.google.com/maps/place/?q=place_id:ChIJv6iR9onfrAcR8n0WV64uO_c;lanchonete Cabedelo PB;Centro Cabedelo;@-6.9748,-34.8373,15z;food_scope
accepted;Marcos Lanches;Restaurante;Vila Sao Joao, Cabedelo - PB, 58310-000;4.3;4;ChIJhX1SLHcgrQcR9zZlpaN0kZw;https://www.google.com/maps/place/?q=place_id:ChIJhX1SLHcgrQcR9zZlpaN0kZw;lanchonete Cabedelo PB;Centro Cabedelo;@-6.9748,-34.8373,15z;food_scope
accepted;Espaço Do Sushi;Restaurante;R. Juarez Távora - Camalaú, Cabedelo - PB, 58310-000;4.2;33;ChIJLZuM-3YgrQcRxc7_zhcQ3Y0;https://www.google.com/maps/place/?q=place_id:ChIJLZuM-3YgrQcRxc7_zhcQ3Y0;sushi Cabedelo PB;Centro Cabedelo;@-6.9748,-34.8373,15z;food_scope
accepted;Sushiyaki Restaurante;Restaurante japonês;R. Ten. Antônio Pontes, 381 - Ponta de Matos, Cabedelo - PB, 58100-645;4.7;10;ChIJoZsj3b7frAcRjoZUr5Cg7Uw;https://www.google.com/maps/place/?q=place_id:ChIJoZsj3b7frAcRjoZUr5Cg7Uw;sushi Cabedelo PB;Centro Cabedelo;@-6.9748,-34.8373,15z;food_scope
accepted;Viciados em Sushi;Restaurante japonês;R. Pedro Aleixo Moura, 34 - Centro, Cabedelo - PB, 58100-210;4.4;193;ChIJ_c5MVHEgrQcRB4CuNV0soio;https://www.google.com/maps/place/?q=place_id:ChIJ_c5MVHEgrQcRB4CuNV0soio;sushi Cabedelo PB;Centro Cabedelo;@-6.9748,-34.8373,15z;food_scope
accepted;Sakê Temakeria Ponta de Campina, Cabedelo;Restaurante japonês;Av. Oceano Atlântico, 1592 - Sl 16 E 17 - Ponta de Campina, Cabedelo - PB, 58310-000;4.7;261;ChIJ2Xj63j_drAcRrllAg3GcmOU;https://www.google.com/maps/place/?q=place_id:ChIJ2Xj63j_drAcRrllAg3GcmOU;sushi Cabedelo PB;Centro Cabedelo;@-6.9748,-34.8373,15z;food_scope
accepted;A Casa do Temakinho;Restaurante;Av. Mar da Irlanda, 222 - Intermares, Cabedelo - PB, 58310-000;4.9;150;ChIJK77pAsvfrAcRDJoNP1VhTVo;https://www.google.com/maps/place/?q=place_id:ChIJK77pAsvfrAcRDJoNP1VhTVo;sushi Cabedelo PB;Centro Cabedelo;@-6.9748,-34.8373,15z;food_scope
accepted;Pipa Sushi & Temakeria;Restaurante de sushi;Av. Mar das Antilhas - Intermares, Cabedelo - PB, 58310-000;4.3;292;ChIJm1Mywg3erAcRAs4OIMpvJqk;https://www.google.com/maps/place/?q=place_id:ChIJm1Mywg3erAcRAs4OIMpvJqk;sushi Cabedelo PB;Centro Cabedelo;@-6.9748,-34.8373,15z;food_scope
accepted;Villa Porto;Restaurante;R. Duque de Caxias - Vila Sao Joao, Cabedelo - PB, 58310-000;4.9;9;ChIJv2WKSQAhrQcRwxmZ9OyokUg;https://www.google.com/maps/place/?q=place_id:ChIJv2WKSQAhrQcRwxmZ9OyokUg;sushi Cabedelo PB;Centro Cabedelo;@-6.9748,-34.8373,15z;food_scope
rejected;Novo Oriente Intermares;Restaurante de sushi;Av. Mar Vermelho, 35 - Intermares, Cabedelo - PB, 58102-120;4.2;1378;ChIJN9JFAA7erAcR7c6fN6tma_g;https://www.google.com/maps/place/?q=place_id:ChIJN9JFAA7erAcR7c6fN6tma_g;sushi Cabedelo PB;Centro Cabedelo;@-6.9748,-34.8373,15z;excluded_category_or_name
duplicate_in_run;Porto do açaí;Lanchonete;R. Cleto Campêlo, 623 - Camalaú, Cabedelo - PB, 58310-000;5;1;ChIJL9uhhKMhrQcRNgJ6D5n7bws;https://www.google.com/maps/place/?q=place_id:ChIJL9uhhKMhrQcRNgJ6D5n7bws;acai Cabedelo PB;Centro Cabedelo;@-6.9748,-34.8373,15z;duplicate_in_run
accepted;Sorveteria glacial;Sorveteria;Vila dos Estivadores, 73 - Centro, Cabedelo - PB, 58310-000;4.4;260;ChIJB9065i0hrQcRn26XWJtWITw;https://www.google.com/maps/place/?q=place_id:ChIJB9065i0hrQcRn26XWJtWITw;acai Cabedelo PB;Centro Cabedelo;@-6.9748,-34.8373,15z;food_scope
duplicate_in_run;Açaí da Cris;Lanchonete;Tv. Primo José Viana - Vila Sao Joao, Cabedelo - PB, 58310-000;4.7;211;ChIJcQUFI2wgrQcRG22L9whpk4I;https://www.google.com/maps/place/?q=place_id:ChIJcQUFI2wgrQcRG22L9whpk4I;acai Cabedelo PB;Centro Cabedelo;@-6.9748,-34.8373,15z;duplicate_in_run
duplicate_in_run;Sorveteria Frutos de Goiás - Cabedelo;Sorveteria;R. Sólon de Lucena, 30B - Centro, Cabedelo - PB, 58100-570;4.9;40;ChIJpR3-bsYhrQcRFzba--9mhwU;https://www.google.com/maps/place/?q=place_id:ChIJpR3-bsYhrQcRFzba--9mhwU;acai Cabedelo PB;Centro Cabedelo;@-6.9748,-34.8373,15z;duplicate_in_run
accepted;Queens do Açaí;Loja de açaí;R. Cleto Campêlo, 832 - Camalaú, Cabedelo - PB, 58103-242;;;ChIJN3qzZx3frAcRGdsGytgR2To;https://www.google.com/maps/place/?q=place_id:ChIJN3qzZx3frAcRGdsGytgR2To;acai Cabedelo PB;Centro Cabedelo;@-6.9748,-34.8373,15z;food_scope
rejected;Assaí Atacadista - Estrada de Cabedelo;Atacadista;BR-230, 14 , Km 13.5, Lot. Morada Nova, Cabedelo - PB, 58033-455;4.4;581;ChIJpXuq7TTfrAcRpJL6pMYJrCA;https://www.google.com/maps/place/?q=place_id:ChIJpXuq7TTfrAcRpJL6pMYJrCA;acai Cabedelo PB;Centro Cabedelo;@-6.9748,-34.8373,15z;not_clearly_food_establishment
accepted;Acai;Loja de açaí;Av. Imbiridiba, 74 - Lot. Oceania VI, Cabedelo - PB, 58310-000;5;3;ChIJHS4nywrfrAcRf1rB7H0L_Mw;https://www.google.com/maps/place/?q=place_id:ChIJHS4nywrfrAcRf1rB7H0L_Mw;acai Cabedelo PB;Centro Cabedelo;@-6.9748,-34.8373,15z;food_scope
accepted;Therê Açaí e Sorvete;Sorveteria;R. Duque de Caxias, 489 - Centro, Cabedelo - PB, 58100-263;;;ChIJbQMVIgAhrQcRuLJQgojPJ7g;https://www.google.com/maps/place/?q=place_id:ChIJbQMVIgAhrQcRuLJQgojPJ7g;acai Cabedelo PB;Centro Cabedelo;@-6.9748,-34.8373,15z;food_scope
accepted;Sorv&cia;Sorveteria;Av. São Sebastião, 227 - Camalaú, Cabedelo - PB, 58103-102;5;2;ChIJj-20f9TfrAcR4ay0mIYQNqA;https://www.google.com/maps/place/?q=place_id:ChIJj-20f9TfrAcR4ay0mIYQNqA;acai Cabedelo PB;Centro Cabedelo;@-6.9748,-34.8373,15z;food_scope
accepted;cabe 1one açaí;Sorveteria;Praça Venâncio Neiva, 11 - Lj 01 - Centro, Cabedelo - PB, 58100-246;;;ChIJA6AGRi0hrQcROMmi6RuzaLY;https://www.google.com/maps/place/?q=place_id:ChIJA6AGRi0hrQcROMmi6RuzaLY;acai Cabedelo PB;Centro Cabedelo;@-6.9748,-34.8373,15z;food_scope
rejected;Supermercado Assis;Supermercado;R. João Vitaliano, 39 - Camalaú, Cabedelo - PB, 58310-000;4.3;1794;ChIJ0cBL53EgrQcRzMAuzIdb_4I;https://www.google.com/maps/place/?q=place_id:ChIJ0cBL53EgrQcRzMAuzIdb_4I;acai Cabedelo PB;Centro Cabedelo;@-6.9748,-34.8373,15z;excluded_category_or_name
duplicate_in_run;PARCEIRO Rosa Lanches;Lanchonete;R. Ten. Antônio Pontes, 139 - Ponta de Matos, Cabedelo - PB, 58100-645;4.5;120;ChIJKfbziSchrQcRUM5eTvB19FU;https://www.google.com/maps/place/?q=place_id:ChIJKfbziSchrQcRUM5eTvB19FU;acai Cabedelo PB;Centro Cabedelo;@-6.9748,-34.8373,15z;duplicate_in_run
accepted;Açaí Jacaré Beach;Sorveteria;R. Clodoaldo Gouveia, 214 - Praia Do Jacare, Cabedelo - PB, 58101-323;4.8;12;ChIJyzANbADfrAcRmNSHSU6nRlI;https://www.google.com/maps/place/?q=place_id:ChIJyzANbADfrAcRmNSHSU6nRlI;acai Cabedelo PB;Centro Cabedelo;@-6.9748,-34.8373,15z;food_scope
accepted;Cantinho Bom;Sorveteria;R. Santa Rita de Cássia, 42 - Jardim Camboinha, Cabedelo - PB, 58103-772;5;1;ChIJm1gILLjfrAcRJzUZHE7JAuI;https://www.google.com/maps/place/?q=place_id:ChIJm1gILLjfrAcRJzUZHE7JAuI;acai Cabedelo PB;Centro Cabedelo;@-6.9748,-34.8373,15z;food_scope
accepted;Praçaí - Intermares;Lanchonete;Av. Oceano Pacífico, s/n - Intermares, Cabedelo - PB, 58310-000;4.5;238;ChIJ1cAVK23erAcRCUpJ50T3ULs;https://www.google.com/maps/place/?q=place_id:ChIJ1cAVK23erAcRCUpJ50T3ULs;acai Cabedelo PB;Centro Cabedelo;@-6.9748,-34.8373,15z;food_scope
accepted;Cantinho do açaí;Sorveteria;R. Vinicius de Morais - Recanto do Poço, Cabedelo - PB, 58105-062;5;1;ChIJP8nYbA7frAcRFz-W3qWECKs;https://www.google.com/maps/place/?q=place_id:ChIJP8nYbA7frAcRFz-W3qWECKs;acai Cabedelo PB;Centro Cabedelo;@-6.9748,-34.8373,15z;food_scope
accepted;Açaí da Hill Point;Loja de açaí;Trailer, Rua Mar das Antilhas, Praça Durval Portela - Intermares, Cabedelo - PB, 58102-000;4.6;9;ChIJp648VSbfrAcR46pzEDHTJBo;https://www.google.com/maps/place/?q=place_id:ChIJp648VSbfrAcR46pzEDHTJBo;acai Cabedelo PB;Centro Cabedelo;@-6.9748,-34.8373,15z;food_scope
rejected;Supermercado São Sebastião - Unidade Centro Cabedelo;Supermercado;Rua Monsenhor Walfredo Leal, 120 - Camalaú, Cabedelo - PB, 58100-248;4.3;455;ChIJp3LRbnIgrQcRMaPeraKfSO4;https://www.google.com/maps/place/?q=place_id:ChIJp3LRbnIgrQcRMaPeraKfSO4;acai Cabedelo PB;Centro Cabedelo;@-6.9748,-34.8373,15z;excluded_category_or_name
accepted;South Beach | Açaí, Sorveteria e Cremes;Sorveteria;Av. Oceano Atlântico, 870 - Intermares, Cabedelo - PB;4.9;43;ChIJ0RcoMQDfrAcRpLtM3_RE4bo;https://www.google.com/maps/place/?q=place_id:ChIJ0RcoMQDfrAcRpLtM3_RE4bo;acai Cabedelo PB;Centro Cabedelo;@-6.9748,-34.8373,15z;food_scope
rejected;Supermercado Real;Supermercado;Av. Pastor José Alves de Oliveira - Vila Sao Joao, Cabedelo - PB, 58310-000;4.2;449;ChIJ6RnxKHcgrQcRk4Kx3ZLsCt8;https://www.google.com/maps/place/?q=place_id:ChIJ6RnxKHcgrQcRk4Kx3ZLsCt8;acai Cabedelo PB;Centro Cabedelo;@-6.9748,-34.8373,15z;excluded_category_or_name
accepted;Porto do Café;Cafeteria;Praça Getúlio Vargas, 68 - Centro, Cabedelo - PB, 58100-261;4.7;6;ChIJi8fyTQAhrQcRylnBp6lzXXs;https://www.google.com/maps/place/?q=place_id:ChIJi8fyTQAhrQcRylnBp6lzXXs;cafeteria Cabedelo PB;Centro Cabedelo;@-6.9748,-34.8373,15z;food_scope
rejected;Tia Graça Doces E Salgados;Doceria;R. Pedro Aleixo Moura, 26 - Vila Sao Joao, Cabedelo - PB, 58310-000;4.6;414;ChIJazVfCHEgrQcRref-q7f7tNA;https://www.google.com/maps/place/?q=place_id:ChIJazVfCHEgrQcRref-q7f7tNA;cafeteria Cabedelo PB;Centro Cabedelo;@-6.9748,-34.8373,15z;not_clearly_food_establishment
accepted;Tia Graça Cafeteria e Doceria;Cafeteria;R. Golfo da China, 326 - Intermares, Cabedelo - PB, 58310-000;4.5;67;ChIJV8XbnLXfrAcRTzFbB-0OVFg;https://www.google.com/maps/place/?q=place_id:ChIJV8XbnLXfrAcRTzFbB-0OVFg;cafeteria Cabedelo PB;Centro Cabedelo;@-6.9748,-34.8373,15z;food_scope
accepted;Café Cabedelo;Cafeteria;R. Aurélio Guedes Cavalcante - Camboinha, Cabedelo - PB, 58310-000;;;ChIJ52g2ao3frAcRyzat6fBKJA4;https://www.google.com/maps/place/?q=place_id:ChIJ52g2ao3frAcRyzat6fBKJA4;cafeteria Cabedelo PB;Centro Cabedelo;@-6.9748,-34.8373,15z;food_scope
duplicate_in_run;Caldinho Prime Formosa;Restaurante;Av. Cassiano da Cunha Nóbrega, 555 - Vila Sao Joao, Cabedelo - PB, 58310-000;4.7;46;ChIJo3IrDQAhrQcRuau8CF_J1oc;https://www.google.com/maps/place/?q=place_id:ChIJo3IrDQAhrQcRuau8CF_J1oc;cafeteria Cabedelo PB;Centro Cabedelo;@-6.9748,-34.8373,15z;duplicate_in_run
accepted;Sax Café - Por do Sol da Praia do Jacaré Cabedelo/PB;Restaurante;Pôr do Sol, R. Praia do Jacaré, Cabedelo - PB, 58310-000;4.5;102;ChIJ42uw2z3frAcRpvqGhKXp_LM;https://www.google.com/maps/place/?q=place_id:ChIJ42uw2z3frAcRpvqGhKXp_LM;cafeteria Cabedelo PB;Centro Cabedelo;@-6.9748,-34.8373,15z;food_scope
rejected;Verano Praia Bar;Bar;Av. Pastor José Alves de Oliveira, 848 - Areia Dourada, Cabedelo - PB, 58101-205;4.4;324;ChIJh0FVTwvfrAcRloIZE5Iit7w;https://www.google.com/maps/place/?q=place_id:ChIJh0FVTwvfrAcRloIZE5Iit7w;cafeteria Cabedelo PB;Centro Cabedelo;@-6.9748,-34.8373,15z;not_clearly_food_establishment
accepted;Café cultural;Cafeteria;R. Augusto José Couto de Faria - Jardim Camboinha, Cabedelo - PB, 58103-684;;;ChIJLaRmKgDfrAcRtmvfIXT7Ibs;https://www.google.com/maps/place/?q=place_id:ChIJLaRmKgDfrAcRtmvfIXT7Ibs;cafeteria Cabedelo PB;Centro Cabedelo;@-6.9748,-34.8373,15z;food_scope
rejected;Moinho Dias Branco;Moinho;Av. Cassiano da Cunha Nóbrega, Cabedelo - PB;4.6;95;ChIJ8aU4xRQgrQcRjUnwjQSge9Q;https://www.google.com/maps/place/?q=place_id:ChIJ8aU4xRQgrQcRjUnwjQSge9Q;cafeteria Cabedelo PB;Centro Cabedelo;@-6.9748,-34.8373,15z;not_clearly_food_establishment
accepted;Coffee Cake Açaiteria;Lanchonete;Av. Oceano Atlântico, 422 - Sala, 04 - Intermares, Cabedelo - PB, 58102-252;4.7;24;ChIJJVjoiEDfrAcRFTg4AQg1nHw;https://www.google.com/maps/place/?q=place_id:ChIJJVjoiEDfrAcRFTg4AQg1nHw;cafeteria Cabedelo PB;Centro Cabedelo;@-6.9748,-34.8373,15z;food_scope
rejected;Padaria Pandine;Padaria;Av. Mar Vermelho, 357 - Intermares, Cabedelo - PB, 58102-120;4.4;1096;ChIJP6gJ7w3erAcREADxKhazvuY;https://www.google.com/maps/place/?q=place_id:ChIJP6gJ7w3erAcREADxKhazvuY;cafeteria Cabedelo PB;Centro Cabedelo;@-6.9748,-34.8373,15z;excluded_category_or_name
duplicate_in_run;Ilha Dourada Restaurante;Restaurante de frutos do mar;BR -230, R. José Américo de Almeida Filho, s/n - Areia Dourada, Cabedelo - PB, 58101-212;4.2;3161;ChIJ19PDcIXfrAcRzBwfL7gvIIs;https://www.google.com/maps/place/?q=place_id:ChIJ19PDcIXfrAcRzBwfL7gvIIs;cafeteria Cabedelo PB;Centro Cabedelo;@-6.9748,-34.8373,15z;duplicate_in_run
duplicate_in_run;PARCEIRO Rosa Lanches;Lanchonete;R. Ten. Antônio Pontes, 139 - Ponta de Matos, Cabedelo - PB, 58100-645;4.5;120;ChIJKfbziSchrQcRUM5eTvB19FU;https://www.google.com/maps/place/?q=place_id:ChIJKfbziSchrQcRUM5eTvB19FU;cafeteria Cabedelo PB;Centro Cabedelo;@-6.9748,-34.8373,15z;duplicate_in_run
accepted;JL Bolos;Cafeteria;R. Rio Paraíba, 55 - Jardim Camboinha, Cabedelo - PB, 58310-000;4.8;5;ChIJzWCQCwDfrAcRxsNeWdpCqWA;https://www.google.com/maps/place/?q=place_id:ChIJzWCQCwDfrAcRxsNeWdpCqWA;cafeteria Cabedelo PB;Centro Cabedelo;@-6.9748,-34.8373,15z;food_scope
accepted;Pastelaria Litorânea;Pastelaria brasileira;R. Sólon de Lucena, 19 - Vila Sao Joao, Cabedelo - PB, 58310-000;4.3;280;ChIJMwgi824grQcR0OCGiSGQ4Oc;https://www.google.com/maps/place/?q=place_id:ChIJMwgi824grQcR0OCGiSGQ4Oc;cafeteria Cabedelo PB;Centro Cabedelo;@-6.9748,-34.8373,15z;food_scope
accepted;Messe Cafeteria;Cafeteria;R. Praia do Jacaré - Intermares, Cabedelo - PB, 58310-000;5;2;ChIJi1DNHwDfrAcRKRUXOkoukjQ;https://www.google.com/maps/place/?q=place_id:ChIJi1DNHwDfrAcRKRUXOkoukjQ;cafeteria Cabedelo PB;Centro Cabedelo;@-6.9748,-34.8373,15z;food_scope
duplicate_in_run;Tenda Formosa Bar & Restaurante;Restaurante;Av. Cassiano da Cunha Nóbrega, 98 - Praia Formosa, Cabedelo - PB, 58100-685;4.1;1507;ChIJIc-iXWUgrQcReqjiUbw742w;https://www.google.com/maps/place/?q=place_id:ChIJIc-iXWUgrQcReqjiUbw742w;cafeteria Cabedelo PB;Centro Cabedelo;@-6.9748,-34.8373,15z;duplicate_in_run
accepted;Chié artesanato e comedoria;Café;R. Praia do Jacaré - Intermares, Cabedelo - PB, 58310-000;4;40;ChIJTwa4MA_frAcR4t0Vizs3ozY;https://www.google.com/maps/place/?q=place_id:ChIJTwa4MA_frAcR4t0Vizs3ozY;cafeteria Cabedelo PB;Centro Cabedelo;@-6.9748,-34.8373,15z;food_scope
rejected;DM Caffe;Cafeteria;Av. Gov. Argemiro de Figueiredo, 3197a - Jardim Oceania, João Pessoa - PB, 58037-030;4.8;247;ChIJRVlJzNnDrAcRa808gqR2TmU;https://www.google.com/maps/place/?q=place_id:ChIJRVlJzNnDrAcRa808gqR2TmU;cafeteria Cabedelo PB;Centro Cabedelo;@-6.9748,-34.8373,15z;excluded_category_or_name
rejected;Panificadora do Poço;Padaria;R. Carolino Cardoso, 177-245 - Lot. Vitorino Cardoso, Cabedelo - PB, 58310-000;4.2;293;ChIJD-aUzE3erAcRIs-tCW7mU0Q;https://www.google.com/maps/place/?q=place_id:ChIJD-aUzE3erAcRIs-tCW7mU0Q;cafeteria Cabedelo PB;Centro Cabedelo;@-6.9748,-34.8373,15z;excluded_category_or_name
duplicate_in_run;Skama Bar e Restaurante;Restaurante;Av. Cassiano da Cunha Nóbrega, 18 - Ponta de Matos, Cabedelo - PB, 58100-965;4.2;397;ChIJl-GtFGkgrQcROqBgkhHbHuA;https://www.google.com/maps/place/?q=place_id:ChIJl-GtFGkgrQcROqBgkhHbHuA;bar restaurante Cabedelo PB;Centro Cabedelo;@-6.9748,-34.8373,15z;duplicate_in_run
duplicate_in_run;Bar das Meninas Restaurante;Restaurante de frutos do mar;R. Des. Onaldo N Montenegro, 368 - Vila Sao Joao, Cabedelo - PB, 58109-342;4.2;3174;ChIJodwqQ2kgrQcR4ABUUI60O8Y;https://www.google.com/maps/place/?q=place_id:ChIJodwqQ2kgrQcR4ABUUI60O8Y;bar restaurante Cabedelo PB;Centro Cabedelo;@-6.9748,-34.8373,15z;duplicate_in_run
duplicate_in_run;Caiçara Bar e Restaurante;Restaurante;Praia de, Rua Cassiano, Av. Cassiano da Cunha Nóbrega - Ponta de Matos, Cabedelo - PB, 58100-695;4.7;39;ChIJ6UAYvCohrQcRzW-CciJ0DB0;https://www.google.com/maps/place/?q=place_id:ChIJ6UAYvCohrQcRzW-CciJ0DB0;bar restaurante Cabedelo PB;Centro Cabedelo;@-6.9748,-34.8373,15z;duplicate_in_run
duplicate_in_run;Caldinho Prime Formosa;Restaurante;Av. Cassiano da Cunha Nóbrega, 555 - Vila Sao Joao, Cabedelo - PB, 58310-000;4.7;46;ChIJo3IrDQAhrQcRuau8CF_J1oc;https://www.google.com/maps/place/?q=place_id:ChIJo3IrDQAhrQcRuau8CF_J1oc;bar restaurante Cabedelo PB;Centro Cabedelo;@-6.9748,-34.8373,15z;duplicate_in_run
duplicate_in_run;Restaurante Pôr do Sol;Restaurante;R. Pres. João Pessoa, 1 - Vila Sao Joao, Cabedelo - PB, 58310-000;4.6;105;ChIJb69icnQgrQcRc9_nUnm-luI;https://www.google.com/maps/place/?q=place_id:ChIJb69icnQgrQcRc9_nUnm-luI;bar restaurante Cabedelo PB;Centro Cabedelo;@-6.9748,-34.8373,15z;duplicate_in_run
rejected;Verano Praia Bar;Bar;Av. Pastor José Alves de Oliveira, 848 - Areia Dourada, Cabedelo - PB, 58101-205;4.4;324;ChIJh0FVTwvfrAcRloIZE5Iit7w;https://www.google.com/maps/place/?q=place_id:ChIJh0FVTwvfrAcRloIZE5Iit7w;bar restaurante Cabedelo PB;Centro Cabedelo;@-6.9748,-34.8373,15z;not_clearly_food_establishment
duplicate_in_run;Bar e Restaurante do Sumé;Restaurante de frutos do mar;Av. Oceano Atlântico, 98 - Vila Sao Joao, Cabedelo - PB, 58310-000;4.1;762;ChIJx6-fZGUgrQcR3ejC32WCAA4;https://www.google.com/maps/place/?q=place_id:ChIJx6-fZGUgrQcR3ejC32WCAA4;bar restaurante Cabedelo PB;Centro Cabedelo;@-6.9748,-34.8373,15z;duplicate_in_run
duplicate_in_run;Ilha Dourada Restaurante;Restaurante de frutos do mar;BR -230, R. José Américo de Almeida Filho, s/n - Areia Dourada, Cabedelo - PB, 58101-212;4.2;3161;ChIJ19PDcIXfrAcRzBwfL7gvIIs;https://www.google.com/maps/place/?q=place_id:ChIJ19PDcIXfrAcRzBwfL7gvIIs;bar restaurante Cabedelo PB;Centro Cabedelo;@-6.9748,-34.8373,15z;duplicate_in_run
duplicate_in_run;Lovina Ponta de Campina | Bar | Restaurante em Cabedelo;Restaurante;R. Vitorino Cardoso, 908 - Ponta de Campina, Cabedelo - PB, 58101-510;4.4;10742;ChIJdbKCxUTerAcRNmBt0eRrdX8;https://www.google.com/maps/place/?q=place_id:ChIJdbKCxUTerAcRNmBt0eRrdX8;bar restaurante Cabedelo PB;Centro Cabedelo;@-6.9748,-34.8373,15z;duplicate_in_run
duplicate_in_run;Tenda Formosa Bar & Restaurante;Restaurante;Av. Cassiano da Cunha Nóbrega, 98 - Praia Formosa, Cabedelo - PB, 58100-685;4.1;1507;ChIJIc-iXWUgrQcReqjiUbw742w;https://www.google.com/maps/place/?q=place_id:ChIJIc-iXWUgrQcReqjiUbw742w;bar restaurante Cabedelo PB;Centro Cabedelo;@-6.9748,-34.8373,15z;duplicate_in_run
duplicate_in_run;Atlântico bar, cabedelo;Restaurante;Cassiano, Av. Cassiano da Cunha Nóbrega - Ponta de Matos, Cabedelo - PB, 58100-695;4.4;8;ChIJsc6M1VohrQcR2aadwXNqCYM;https://www.google.com/maps/place/?q=place_id:ChIJsc6M1VohrQcR2aadwXNqCYM;bar restaurante Cabedelo PB;Centro Cabedelo;@-6.9748,-34.8373,15z;duplicate_in_run
rejected;Bar da ressaca;Bar;Av. Cassiano da Cunha Nóbrega, 269 - Santa Catarina, Cabedelo - PB, 58100-432;4.6;49;ChIJU_hxaiYhrQcRlDkfUVSdSVs;https://www.google.com/maps/place/?q=place_id:ChIJU_hxaiYhrQcRlDkfUVSdSVs;bar restaurante Cabedelo PB;Centro Cabedelo;@-6.9748,-34.8373,15z;not_clearly_food_establishment
duplicate_in_run;Bar e Restaurante Solânense;Restaurante;R. Sólon de Lucena, 364 - Centro, Cabedelo - PB, 58100-570;4.6;77;ChIJr1gT2-chrQcRL1coXnrt0YE;https://www.google.com/maps/place/?q=place_id:ChIJr1gT2-chrQcRL1coXnrt0YE;bar restaurante Cabedelo PB;Centro Cabedelo;@-6.9748,-34.8373,15z;duplicate_in_run
duplicate_in_run;Sport Marina;Restaurante de frutos do mar;Av. Pastor José Alves de Oliveira, 848 - Areia Dourada, Cabedelo - PB, 58101-232;4.5;503;ChIJpSulOXggrQcR1X8-11zV034;https://www.google.com/maps/place/?q=place_id:ChIJpSulOXggrQcR1X8-11zV034;bar restaurante Cabedelo PB;Centro Cabedelo;@-6.9748,-34.8373,15z;duplicate_in_run
duplicate_in_run;Residência do Mário;Restaurante;R. Cleto Campêlo, 889 - Camalaú, Cabedelo - PB, 58103-242;4.7;153;ChIJJ1WRk4nfrAcRe75oQKtSH4Y;https://www.google.com/maps/place/?q=place_id:ChIJJ1WRk4nfrAcRe75oQKtSH4Y;bar restaurante Cabedelo PB;Centro Cabedelo;@-6.9748,-34.8373,15z;duplicate_in_run
rejected;Marlu's Trailer Bar - Praia Formosa;Bar;R. José Américo de Almeida Filho, 107 - Praia Formosa, Cabedelo - PB, 58101-212;4.6;28;ChIJ44R3lm8hrQcR8ZKuh6fovsE;https://www.google.com/maps/place/?q=place_id:ChIJ44R3lm8hrQcR8ZKuh6fovsE;bar restaurante Cabedelo PB;Centro Cabedelo;@-6.9748,-34.8373,15z;not_clearly_food_establishment
rejected;TreeHouse Bar Lounge - Por do sol João Pessoa;Bar;R. Pôr do Sol, s/n, Cabedelo - PB, 58310-000;4.5;1125;ChIJ33JsoxverAcRwnzfHW9fJTI;https://www.google.com/maps/place/?q=place_id:ChIJ33JsoxverAcRwnzfHW9fJTI;bar restaurante Cabedelo PB;Centro Cabedelo;@-6.9748,-34.8373,15z;excluded_category_or_name
duplicate_in_run;Restaurante Ondas;Restaurante brasileiro;Av. Cassiano da Cunha Nóbrega - Santa Catarina, Cabedelo - PB, 58100-432;4.3;164;ChIJfajxP2kgrQcR4aWJ3AdHjqw;https://www.google.com/maps/place/?q=place_id:ChIJfajxP2kgrQcR4aWJ3AdHjqw;bar restaurante Cabedelo PB;Centro Cabedelo;@-6.9748,-34.8373,15z;duplicate_in_run
duplicate_in_run;Churrascaria do Caicó;Churrascaria;R, Av. Pastor José Alves de Oliveira, 365 - Centro, Cabedelo - PB, 58100-222;4.3;753;ChIJVaKROncgrQcR5lpnht-FotI;https://www.google.com/maps/place/?q=place_id:ChIJVaKROncgrQcR5lpnht-FotI;bar restaurante Cabedelo PB;Centro Cabedelo;@-6.9748,-34.8373,15z;duplicate_in_run
accepted;Cibelly Bar & Restaurante;Bar e restaurante de ostras;Rua Luna Pedrosa, 1260 - Poço, Cabedelo - PB, 58101-574;4.1;4295;ChIJ63V170_erAcRZ2vvWZseSgE;https://www.google.com/maps/place/?q=place_id:ChIJ63V170_erAcRZ2vvWZseSgE;bar restaurante Cabedelo PB;Centro Cabedelo;@-6.9748,-34.8373,15z;food_scope
duplicate_in_run;Skama Bar e Restaurante;Restaurante;Av. Cassiano da Cunha Nóbrega, 18 - Ponta de Matos, Cabedelo - PB, 58100-965;4.2;397;ChIJl-GtFGkgrQcROqBgkhHbHuA;https://www.google.com/maps/place/?q=place_id:ChIJl-GtFGkgrQcROqBgkhHbHuA;restaurantes Cabedelo PB;Porto/Cabedelo;@-6.9665,-34.8405,15z;duplicate_in_run
duplicate_in_run;Caldinho Prime Formosa;Restaurante;Av. Cassiano da Cunha Nóbrega, 555 - Vila Sao Joao, Cabedelo - PB, 58310-000;4.7;46;ChIJo3IrDQAhrQcRuau8CF_J1oc;https://www.google.com/maps/place/?q=place_id:ChIJo3IrDQAhrQcRuau8CF_J1oc;restaurantes Cabedelo PB;Porto/Cabedelo;@-6.9665,-34.8405,15z;duplicate_in_run
duplicate_in_run;Ilha Dourada Restaurante;Restaurante de frutos do mar;BR -230, R. José Américo de Almeida Filho, s/n - Areia Dourada, Cabedelo - PB, 58101-212;4.2;3161;ChIJ19PDcIXfrAcRzBwfL7gvIIs;https://www.google.com/maps/place/?q=place_id:ChIJ19PDcIXfrAcRzBwfL7gvIIs;restaurantes Cabedelo PB;Porto/Cabedelo;@-6.9665,-34.8405,15z;duplicate_in_run
duplicate_in_run;Bar das Meninas Restaurante;Restaurante de frutos do mar;R. Des. Onaldo N Montenegro, 368 - Vila Sao Joao, Cabedelo - PB, 58109-342;4.2;3174;ChIJodwqQ2kgrQcR4ABUUI60O8Y;https://www.google.com/maps/place/?q=place_id:ChIJodwqQ2kgrQcR4ABUUI60O8Y;restaurantes Cabedelo PB;Porto/Cabedelo;@-6.9665,-34.8405,15z;duplicate_in_run
duplicate_in_run;Restaurante Pôr do Sol;Restaurante;R. Pres. João Pessoa, 1 - Vila Sao Joao, Cabedelo - PB, 58310-000;4.6;105;ChIJb69icnQgrQcRc9_nUnm-luI;https://www.google.com/maps/place/?q=place_id:ChIJb69icnQgrQcRc9_nUnm-luI;restaurantes Cabedelo PB;Porto/Cabedelo;@-6.9665,-34.8405,15z;duplicate_in_run
duplicate_in_run;Caiçara Bar e Restaurante;Restaurante;Praia de, Rua Cassiano, Av. Cassiano da Cunha Nóbrega - Ponta de Matos, Cabedelo - PB, 58100-695;4.7;39;ChIJ6UAYvCohrQcRzW-CciJ0DB0;https://www.google.com/maps/place/?q=place_id:ChIJ6UAYvCohrQcRzW-CciJ0DB0;restaurantes Cabedelo PB;Porto/Cabedelo;@-6.9665,-34.8405,15z;duplicate_in_run
rejected;Verano Praia Bar;Bar;Av. Pastor José Alves de Oliveira, 848 - Areia Dourada, Cabedelo - PB, 58101-205;4.4;324;ChIJh0FVTwvfrAcRloIZE5Iit7w;https://www.google.com/maps/place/?q=place_id:ChIJh0FVTwvfrAcRloIZE5Iit7w;restaurantes Cabedelo PB;Porto/Cabedelo;@-6.9665,-34.8405,15z;not_clearly_food_establishment
duplicate_in_run;Lovina Ponta de Campina | Bar | Restaurante em Cabedelo;Restaurante;R. Vitorino Cardoso, 908 - Ponta de Campina, Cabedelo - PB, 58101-510;4.4;10742;ChIJdbKCxUTerAcRNmBt0eRrdX8;https://www.google.com/maps/place/?q=place_id:ChIJdbKCxUTerAcRNmBt0eRrdX8;restaurantes Cabedelo PB;Porto/Cabedelo;@-6.9665,-34.8405,15z;duplicate_in_run
duplicate_in_run;Churrascaria do Caicó;Churrascaria;R, Av. Pastor José Alves de Oliveira, 365 - Centro, Cabedelo - PB, 58100-222;4.3;753;ChIJVaKROncgrQcR5lpnht-FotI;https://www.google.com/maps/place/?q=place_id:ChIJVaKROncgrQcR5lpnht-FotI;restaurantes Cabedelo PB;Porto/Cabedelo;@-6.9665,-34.8405,15z;duplicate_in_run
duplicate_in_run;Tenda Formosa Bar & Restaurante;Restaurante;Av. Cassiano da Cunha Nóbrega, 98 - Praia Formosa, Cabedelo - PB, 58100-685;4.1;1507;ChIJIc-iXWUgrQcReqjiUbw742w;https://www.google.com/maps/place/?q=place_id:ChIJIc-iXWUgrQcReqjiUbw742w;restaurantes Cabedelo PB;Porto/Cabedelo;@-6.9665,-34.8405,15z;duplicate_in_run
duplicate_in_run;Sport Marina;Restaurante de frutos do mar;Av. Pastor José Alves de Oliveira, 848 - Areia Dourada, Cabedelo - PB, 58101-232;4.5;503;ChIJpSulOXggrQcR1X8-11zV034;https://www.google.com/maps/place/?q=place_id:ChIJpSulOXggrQcR1X8-11zV034;restaurantes Cabedelo PB;Porto/Cabedelo;@-6.9665,-34.8405,15z;duplicate_in_run
duplicate_in_run;RESTAURANTE DA WILMA;Restaurante;Jacaré, Cabedelo - PB, 58315-000;4.9;8;ChIJpVkCVxsgrQcRd4H-jTRlUZw;https://www.google.com/maps/place/?q=place_id:ChIJpVkCVxsgrQcRd4H-jTRlUZw;restaurantes Cabedelo PB;Porto/Cabedelo;@-6.9665,-34.8405,15z;duplicate_in_run
duplicate_in_run;Bar e Restaurante do Sumé;Restaurante de frutos do mar;Av. Oceano Atlântico, 98 - Vila Sao Joao, Cabedelo - PB, 58310-000;4.1;762;ChIJx6-fZGUgrQcR3ejC32WCAA4;https://www.google.com/maps/place/?q=place_id:ChIJx6-fZGUgrQcR3ejC32WCAA4;restaurantes Cabedelo PB;Porto/Cabedelo;@-6.9665,-34.8405,15z;duplicate_in_run
duplicate_in_run;Atlântico bar, cabedelo;Restaurante;Cassiano, Av. Cassiano da Cunha Nóbrega - Ponta de Matos, Cabedelo - PB, 58100-695;4.4;8;ChIJsc6M1VohrQcR2aadwXNqCYM;https://www.google.com/maps/place/?q=place_id:ChIJsc6M1VohrQcR2aadwXNqCYM;restaurantes Cabedelo PB;Porto/Cabedelo;@-6.9665,-34.8405,15z;duplicate_in_run
rejected;Comida Caseira da Elly;Restaurante;Mercado Público de Cabedelo, BOX 138, Centro, Cabedelo - PB, 58100-140;5;19;ChIJBfEE9CwhrQcR2xtfopCJ34w;https://www.google.com/maps/place/?q=place_id:ChIJBfEE9CwhrQcR2xtfopCJ34w;restaurantes Cabedelo PB;Porto/Cabedelo;@-6.9665,-34.8405,15z;excluded_category_or_name
duplicate_in_run;Residência do Mário;Restaurante;R. Cleto Campêlo, 889 - Camalaú, Cabedelo - PB, 58103-242;4.7;153;ChIJJ1WRk4nfrAcRe75oQKtSH4Y;https://www.google.com/maps/place/?q=place_id:ChIJJ1WRk4nfrAcRe75oQKtSH4Y;restaurantes Cabedelo PB;Porto/Cabedelo;@-6.9665,-34.8405,15z;duplicate_in_run
duplicate_in_run;Bar e Restaurante Solânense;Restaurante;R. Sólon de Lucena, 364 - Centro, Cabedelo - PB, 58100-570;4.6;77;ChIJr1gT2-chrQcRL1coXnrt0YE;https://www.google.com/maps/place/?q=place_id:ChIJr1gT2-chrQcRL1coXnrt0YE;restaurantes Cabedelo PB;Porto/Cabedelo;@-6.9665,-34.8405,15z;duplicate_in_run
duplicate_in_run;Sorveteria Frutos de Goiás - Cabedelo;Sorveteria;R. Sólon de Lucena, 30B - Centro, Cabedelo - PB, 58100-570;4.9;40;ChIJpR3-bsYhrQcRFzba--9mhwU;https://www.google.com/maps/place/?q=place_id:ChIJpR3-bsYhrQcRFzba--9mhwU;restaurantes Cabedelo PB;Porto/Cabedelo;@-6.9665,-34.8405,15z;duplicate_in_run
duplicate_in_run;Caldeirão Nordestino - Caldinho e Nhoques Cabedelo;Barraca de comida;Areia Dourada, Cabedelo - PB, 58101-212;4.8;31;ChIJKa4SjtDfrAcRbfre1lQqXmM;https://www.google.com/maps/place/?q=place_id:ChIJKa4SjtDfrAcRbfre1lQqXmM;restaurantes Cabedelo PB;Porto/Cabedelo;@-6.9665,-34.8405,15z;duplicate_in_run
duplicate_in_run;Restaurante Ondas;Restaurante brasileiro;Av. Cassiano da Cunha Nóbrega - Santa Catarina, Cabedelo - PB, 58100-432;4.3;164;ChIJfajxP2kgrQcR4aWJ3AdHjqw;https://www.google.com/maps/place/?q=place_id:ChIJfajxP2kgrQcR4aWJ3AdHjqw;restaurantes Cabedelo PB;Porto/Cabedelo;@-6.9665,-34.8405,15z;duplicate_in_run
duplicate_in_run;Pizzaria tá no ponto;Pizzaria;R. Ten. Antônio Pontes, 236 - Vila Sao Joao, Cabedelo - PB, 58100-645;5;1;ChIJP3oicAAhrQcRy3DljLN5ZTw;https://www.google.com/maps/place/?q=place_id:ChIJP3oicAAhrQcRy3DljLN5ZTw;pizzaria Cabedelo PB;Porto/Cabedelo;@-6.9665,-34.8405,15z;duplicate_in_run
duplicate_in_run;Center Pizza Cabedelo;Pizzaria;R. Duque de Caxias, 189 - Centro, Cabedelo - PB, 58310-000;5;18;ChIJUeGTJwAhrQcRnfODfBzcelE;https://www.google.com/maps/place/?q=place_id:ChIJUeGTJwAhrQcRnfODfBzcelE;pizzaria Cabedelo PB;Porto/Cabedelo;@-6.9665,-34.8405,15z;duplicate_in_run
duplicate_in_run;Pizza do Paulinho;Pizzaria;Av. Monsenhor José da Silva Coutinho, 113 - Vila Sao Joao, Cabedelo - PB, 58103-332;5;11;ChIJTUFjldDfrAcRXmp9tl8_VOc;https://www.google.com/maps/place/?q=place_id:ChIJTUFjldDfrAcRXmp9tl8_VOc;pizzaria Cabedelo PB;Porto/Cabedelo;@-6.9665,-34.8405,15z;duplicate_in_run
duplicate_in_run;Pizzaria 1000Graus;Pizzaria;R. Duque de Caxias, 60 - Centro, Cabedelo - PB, 58100-000;5;1;ChIJz9Yh3hohrQcRX3d8g-9Pd6w;https://www.google.com/maps/place/?q=place_id:ChIJz9Yh3hohrQcRX3d8g-9Pd6w;pizzaria Cabedelo PB;Porto/Cabedelo;@-6.9665,-34.8405,15z;duplicate_in_run
duplicate_in_run;Deu Pizza Cabedelo;Pizzaria;Praça Getúlio Vargas, 95 - Vila Sao Joao, Cabedelo - PB, 58100-261;;;ChIJVeZJGAAhrQcRfL-dAtZyAcY;https://www.google.com/maps/place/?q=place_id:ChIJVeZJGAAhrQcRfL-dAtZyAcY;pizzaria Cabedelo PB;Porto/Cabedelo;@-6.9665,-34.8405,15z;duplicate_in_run
duplicate_in_run;Skama Bar e Restaurante;Restaurante;Av. Cassiano da Cunha Nóbrega, 18 - Ponta de Matos, Cabedelo - PB, 58100-965;4.2;397;ChIJl-GtFGkgrQcROqBgkhHbHuA;https://www.google.com/maps/place/?q=place_id:ChIJl-GtFGkgrQcROqBgkhHbHuA;pizzaria Cabedelo PB;Porto/Cabedelo;@-6.9665,-34.8405,15z;duplicate_in_run
duplicate_in_run;La casa de pastel e La Pizza Premium;Pizzaria;Rua por trás do Campo Municipal, R. Primo José Viana, 463 - Centro, Cabedelo - PB, 58100-521;4.1;261;ChIJYSxGk8ghrQcRk9Nz0uySHBE;https://www.google.com/maps/place/?q=place_id:ChIJYSxGk8ghrQcRk9Nz0uySHBE;pizzaria Cabedelo PB;Porto/Cabedelo;@-6.9665,-34.8405,15z;duplicate_in_run
duplicate_in_run;Pizza Now - Intermares;Delivery de Pizza;Av. Oceano Atlântico, 1592 - Lj 14 - Ponta de Campina, Cabedelo - PB, 58101-650;4.5;200;ChIJC3rzCDHdrAcRGYF3vwcOan8;https://www.google.com/maps/place/?q=place_id:ChIJC3rzCDHdrAcRGYF3vwcOan8;pizzaria Cabedelo PB;Porto/Cabedelo;@-6.9665,-34.8405,15z;duplicate_in_run
duplicate_in_run;Ilovepizzapb;Pizzaria;R. Duque de Caxias - Centro, Cabedelo - PB, 58100-263;;;ChIJ2dkU5NAhrQcRMvAetr3sxYA;https://www.google.com/maps/place/?q=place_id:ChIJ2dkU5NAhrQcRMvAetr3sxYA;pizzaria Cabedelo PB;Porto/Cabedelo;@-6.9665,-34.8405,15z;duplicate_in_run
duplicate_in_run;Restaurante e pizzaria chapa quente;Pizzaria;R. Nova Descoberta, 70 - Centro, Cabedelo - PB, 58100-592;4.7;26;ChIJVTniUTohrQcRFlrnzZq339A;https://www.google.com/maps/place/?q=place_id:ChIJVTniUTohrQcRFlrnzZq339A;pizzaria Cabedelo PB;Porto/Cabedelo;@-6.9665,-34.8405,15z;duplicate_in_run
duplicate_in_run;PARCEIRO Rosa Lanches;Lanchonete;R. Ten. Antônio Pontes, 139 - Ponta de Matos, Cabedelo - PB, 58100-645;4.5;120;ChIJKfbziSchrQcRUM5eTvB19FU;https://www.google.com/maps/place/?q=place_id:ChIJKfbziSchrQcRUM5eTvB19FU;pizzaria Cabedelo PB;Porto/Cabedelo;@-6.9665,-34.8405,15z;duplicate_in_run
duplicate_in_run;Casa Di Mainha;Pizzaria;R. Prof. João Lelis de Luna Freire - Jardim Jerico, Cabedelo - PB, 58310-000;5;16;ChIJI_QFwtzfrAcR4PpGSlWFXfE;https://www.google.com/maps/place/?q=place_id:ChIJI_QFwtzfrAcR4PpGSlWFXfE;pizzaria Cabedelo PB;Porto/Cabedelo;@-6.9665,-34.8405,15z;duplicate_in_run
duplicate_in_run;Hora Da Pizza;Pizzaria;R. Arco Íris, 113 - Lot. Oceania VI, Cabedelo - PB, 58105-514;5;13;ChIJd8aACALfrAcR-y1kMx11Rs8;https://www.google.com/maps/place/?q=place_id:ChIJd8aACALfrAcR-y1kMx11Rs8;pizzaria Cabedelo PB;Porto/Cabedelo;@-6.9665,-34.8405,15z;duplicate_in_run
duplicate_in_run;D'gust Lanchonete;Hamburgueria;R. Benedito Soares da Silva, 76 - Vila Sao Joao, Cabedelo - PB, 58310-000;5;2;ChIJfRXKQQAhrQcRJlUtVsFl2Nw;https://www.google.com/maps/place/?q=place_id:ChIJfRXKQQAhrQcRJlUtVsFl2Nw;pizzaria Cabedelo PB;Porto/Cabedelo;@-6.9665,-34.8405,15z;duplicate_in_run
accepted;Bar E Restaurante Do Nal;Restaurante;R. Cel. José Téles - praia miramar, Cabedelo - PB, 58310-000;5;1;ChIJUWA5rmsgrQcRYTvI8tV5kGs;https://www.google.com/maps/place/?q=place_id:ChIJUWA5rmsgrQcRYTvI8tV5kGs;pizzaria Cabedelo PB;Porto/Cabedelo;@-6.9665,-34.8405,15z;food_scope
duplicate_in_run;DAWN BURGUER;Hamburgueria;R. Augusto Firmo Paulo, 51 - Vila Sao Joao, Cabedelo - PB, 58101-015;4.2;45;ChIJadfjewAhrQcRf8d09KL-Gi4;https://www.google.com/maps/place/?q=place_id:ChIJadfjewAhrQcRf8d09KL-Gi4;pizzaria Cabedelo PB;Porto/Cabedelo;@-6.9665,-34.8405,15z;duplicate_in_run
duplicate_in_run;Pastelaria Litorânea;Pastelaria brasileira;R. Sólon de Lucena, 19 - Vila Sao Joao, Cabedelo - PB, 58310-000;4.3;280;ChIJMwgi824grQcR0OCGiSGQ4Oc;https://www.google.com/maps/place/?q=place_id:ChIJMwgi824grQcR0OCGiSGQ4Oc;pizzaria Cabedelo PB;Porto/Cabedelo;@-6.9665,-34.8405,15z;duplicate_in_run
duplicate_in_run;Bar e Restaurante Solânense;Restaurante;R. Sólon de Lucena, 364 - Centro, Cabedelo - PB, 58100-570;4.6;77;ChIJr1gT2-chrQcRL1coXnrt0YE;https://www.google.com/maps/place/?q=place_id:ChIJr1gT2-chrQcRL1coXnrt0YE;pizzaria Cabedelo PB;Porto/Cabedelo;@-6.9665,-34.8405,15z;duplicate_in_run
duplicate_in_run;Pizzaria Bom Sabor Camboinha;Pizzaria;R. Prof. João Lelis de Luna Freire, 288 - Jardim Camboinha, Cabedelo - PB, 58310-000;4.1;54;ChIJ23LpoCvfrAcRK0glALWQRYA;https://www.google.com/maps/place/?q=place_id:ChIJ23LpoCvfrAcRK0glALWQRYA;pizzaria Cabedelo PB;Porto/Cabedelo;@-6.9665,-34.8405,15z;duplicate_in_run
duplicate_in_run;Pizza Família Cipriano;Pizzaria;R. Golfo Danzig, 56 - Intermares, Cabedelo - PB, 58102-133;5;13;ChIJBw8J2x3frAcR-t64wKV4XEg;https://www.google.com/maps/place/?q=place_id:ChIJBw8J2x3frAcR-t64wKV4XEg;pizzaria Cabedelo PB;Porto/Cabedelo;@-6.9665,-34.8405,15z;duplicate_in_run
